Workbook

Sheet Resumo
A1: BNBem · Resultados das análises
A2: Hackathon Siará Tech Summit 2026 · Equipe TATU · Versão pública
A4: Indicador | B4: Valor
A5: Rodadas de teste registradas | B5: =Rodadas!B15 -> 10
A6: Análises executadas pela IA | B6: =Rodadas!C15 -> 141
A7: Concordância com o gabarito antes da calibração | B7: =SUMIFS(Rodadas!E5:E14,Rodadas!A5:A14,"Linha de base*")/SUMIFS(Rodadas!D5:D14,Rodadas!A5:A14,"Linha de base*") -> 0.7
A8: Concordância com o gabarito depois da calibração | B8: =Matriz_confusao!B12 -> 0.9516129
A9: Versão final: projetos históricos com a classe do gabarito | B9: =Rodadas!E12&" de "&Rodadas!D12 -> 19 de 20
A10: Elegíveis reconhecidos: antes → depois | B10: =Qualidade!B15&" de 12 → "&Qualidade!B16&" de "&Matriz_confusao!F5 -> 0 de 12 → 23 de 26
A11: Vezes em que a IA aprovou como Elegível um projeto que não era | B11: =Matriz_confusao!B13 -> 0
A12: Divergências graves | B12: =Qualidade!B17 -> 0
A13: Históricos estáveis em todas as execuções | B13: =Qualidade!B12&" de 20" -> 17 de 20
A14: Casos novos com a mesma classe nas 2 rodadas | B14: =Qualidade!B13&" de 15" -> 14 de 15
A15: Citações ou números inventados nas análises conferidas | B15: =(Qualidade!B7+Qualidade!B8)&" em "&Qualidade!B6 -> 0 em 81
A16: Casos novos analisados | B16: =Casos_novos!B9 -> 20
A17: Tempo médio de IA por projeto (s) | B17: =Qualidade!B19 -> 47.12
A18: Tempo total de IA para os 20 casos novos (min) | B18: =Qualidade!B22 -> 15.706667
A20: Sobre os dados
A21: Todos os números vêm dos testes feitos durante o evento, com a massa de dados fictícia fornecida pela organização.
A22: Esta versão traz só estatísticas agregadas: não identifica projetos e não reproduz títulos, justificativas, evidências ou o gabarito.
A23: A IA sugere o estado de cada critério; a classe vem da árvore de regras do BNBem, e a decisão final é do analista.
A24: Valores em azul nas outras abas são registros da equipe; os demais são fórmulas.

Sheet Rodadas
A1: Rodadas de teste
A2: Uma linha por rodada. Valores em azul: registro da equipe; em preto: fórmulas.
A4: Fase | B4: Rodada | C4: Análises | D4: Com gabarito | E4: Acertos | F4: Concordância
A5: Linha de base (prompt inicial) | B5: 1 | C5: 20 | D5: 20 | E5: 14 | F5: =IF(D5=0,"–",E5/D5) -> 0.7
A6: Linha de base (prompt inicial) | B6: 2 | C6: 20 | D6: 20 | E6: 14 | F6: =IF(D6=0,"–",E6/D6) -> 0.7
A7: Calibração | B7: 1 | C7: 20 | D7: 20 | E7: 19 | F7: =IF(D7=0,"–",E7/D7) -> 0.95
A8: Calibração | B8: 2 | C8: 10 | D8: 10 | E8: 9 | F8: =IF(D8=0,"–",E8/D8) -> 0.9
A9: Calibração | B9: 3 | C9: 10 | D9: 10 | E9: 10 | F9: =IF(D9=0,"–",E9/D9) -> 1
A10: Calibração + leitura completa de arquivos grandes | B10: 1 | C10: 3 | D10: 1 | E10: 1 | F10: =IF(D10=0,"–",E10/D10) -> 1
A11: Calibração + leitura completa de arquivos grandes | B11: 2 | C11: 3 | D11: 1 | E11: 1 | F11: =IF(D11=0,"–",E11/D11) -> 1
A12: Versão final (projetos históricos) | B12: 1 | C12: 20 | D12: 20 | E12: 19 | F12: =IF(D12=0,"–",E12/D12) -> 0.95
A13: Casos novos (sem gabarito) | B13: 1 | C13: 20 | D13: 0 | E13: 0 | F13: =IF(D13=0,"–",E13/D13) -> –
A14: Casos novos (sem gabarito) | B14: 2 | C14: 15 | D14: 0 | E14: 0 | F14: =IF(D14=0,"–",E14/D14) -> –
A15: Total | B15: =COUNT(B5:B14) -> 10 | C15: =SUM(C5:C14) -> 141 | D15: =SUM(D5:D14) -> 102 | E15: =SUM(E5:E14) -> 87 | F15: =IF(D15=0,"–",E15/D15) -> 0.85294118
A17: Os casos novos não têm gabarito: a concordância só é calculada para os projetos históricos.

Sheet Matriz_confusao
A1: Matriz de confusão
A2: Prompt calibrado, todas as rodadas com gabarito (projetos históricos).
A4: Gabarito ↓ / IA → | B4: Elegível | C4: Com ressalvas | D4: Não elegível | E4: Evidência insuficiente | F4: Total
A5: Elegível | B5: 23 | C5: 3 | D5: 0 | E5: 0 | F5: =SUM(B5:E5) -> 26
A6: Com ressalvas | B6: 0 | C6: 16 | D6: 0 | E6: 0 | F6: =SUM(B6:E6) -> 16
A7: Não elegível | B7: 0 | C7: 0 | D7: 14 | E7: 0 | F7: =SUM(B7:E7) -> 14
A8: Evidência insuficiente | B8: 0 | C8: 0 | D8: 0 | E8: 6 | F8: =SUM(B8:E8) -> 6
A9: Total | B9: =SUM(B5:B8) -> 23 | C9: =SUM(C5:C8) -> 19 | D9: =SUM(D5:D8) -> 14 | E9: =SUM(E5:E8) -> 6 | F9: =SUM(F5:F8) -> 62
A11: Acertos (diagonal) | B11: =B5+C6+D7+E8 -> 59
A12: Concordância | B12: =IF(F9=0,"–",B11/F9) -> 0.9516129
A13: Aprovados como Elegível sem ser | B13: =SUM(B6:B8) -> 0

Sheet Casos_novos
A1: Casos novos analisados
A2: 20 projetos fictícios do evento, sem gabarito. 1ª rodada.
A4: Classe recomendada | B4: Projetos | C4: Participação
A5: Elegível | B5: 3 | C5: =IF($B$9=0,"–",B5/$B$9) -> 0.15
A6: Com ressalvas | B6: 6 | C6: =IF($B$9=0,"–",B6/$B$9) -> 0.3
A7: Não elegível | B7: 6 | C7: =IF($B$9=0,"–",B7/$B$9) -> 0.3
A8: Evidência insuficiente | B8: 5 | C8: =IF($B$9=0,"–",B8/$B$9) -> 0.25
A9: Total | B9: =SUM(B5:B8) -> 20 | C9: =SUM(C5:C8) -> 1

Sheet Qualidade
A1: Qualidade, estabilidade e tempo
A2: Valores em azul: registro e conferência da equipe.
A4: Indicador | B4: Valor | C4: Observação
A5: Verificação de alucinação
A6: Análises conferidas manualmente | B6: 81 | C6: IDs de evidência e números citados conferidos contra os arquivos
A7: Citações ou IDs inexistentes | B7: 0
A8: Números ou contas incorretos | B8: 0
A9: Imprecisões de leitura ou redação | B9: 3 | C9: Sem efeito na classificação
A10: Menções indevidas a outro projeto | B10: 2 | C10: Só nas primeiras rodadas; corrigidas na base de regras
A11: Estabilidade
A12: Históricos com a mesma classe correta em todas as execuções | B12: 17 | C12: de 20 projetos
A13: Casos novos com a mesma classe nas 2 rodadas | B13: 14 | C13: de 15 projetos reanalisados
A14: Calibração
A15: Elegíveis reconhecidos na linha de base | B15: 0 | C15: de 12 elegíveis no gabarito
A16: Elegíveis reconhecidos com o prompt calibrado | B16: =Matriz_confusao!B5 -> 23 | C16: =" de "&Matriz_confusao!F5&" elegíveis no gabarito" -> de 26 elegíveis no gabarito
A17: Divergências graves em todas as rodadas | B17: 0 | C17: Ex.: Não elegível classificado como Elegível
A18: Tempo de IA (casos novos, 1ª rodada)
A19: Duração média por projeto (s) | B19: 47.12 | C19: Só a chamada à IA; não inclui a revisão do analista
A20: Duração mínima (s) | B20: 35.5
A21: Duração máxima (s) | B21: 110.5 | C21: O maior pacote
A22: Tempo total para os 20 casos (min) | B22: 15.706667 | C22: Soma das durações
A23: Tokens estimados por análise (média) | B23: 21383.95 | C23: Estimativa: caracteres ÷ 4
